"Username","Password","Age","AnnualCtc","DepartmentName","City","State","Pincode","Country","Region","JoiningDate","Status"
"donald.farris@bellsouth.net","rX.F{j&]&m&&X","59","215452","Accounting","Mumbai","MH","400001","India","Asia","11-12-1979","Employee Saved Successfully"
"adalberto.hazel@yahoo.co.in","j8v|]L6g2j/T$4+","57","120471","Accounting","Vashi","MH","401201","India","Asia","11-05-1994","Employee Saved Successfully"
"elda.champagne@gmail.com","IawX0iQY&D","34","345000","Operations","Mumbai","MH","400000","India","Asia","11-05-1994","Employee Saved Successfully"
"angelique.goodwin@gmail.com","z{d>ez%{.@","53","193710","Accounting","Thane","MH","400701","India","Asia","24-03-2001","Employee Saved Successfully"
"steven.rendon@gmail.com","a+2;sx}<G]y","35","477898","Operations","Mumbai","MH","400000","India","Asia","18-09-2008","Employee Saved Successfully"
"jenell.almanza@yahoo.com","Ou7RX{yT","59","139856","Accounting","Mumbai","MH","400001","India","Asia","18-09-2008","Employee Saved Successfully"
"almeta.brookins@gmail.com","HQHKE_+9hv","32","290576","Operations","Mumbai","MH","400000","India","Asia","18-09-2008","Employee Saved Successfully"
"bertram.carlisle@aol.com","F4G46Phi$qF","34","163773","Operations","Mumbai","MH","400000","India","Asia","09-11-2012","Employee Saved Successfully"
"sofia.poole@earthlink.net","GLTTXR|JL0~E","52","150019","Accounting","Mumbai","MH","400001","India","Asia","09-11-2012","Employee Saved Successfully"
"jeni.shaffer@gmail.com","7U56!*!O","55","144133","Operations","Mumbai","MH","400000","India","Asia","12-10-2015","Employee Saved Successfully"
"seymour.nelson@hotmail.com","cEvcPqX[","21","77853","Operations","Washington","US","19441","Montgomery","North America","04-01-2016","Employee Saved Successfully"
"bobbie.branson@hotmail.com","tA5zrwtY9\!Y","21","178641","Accounting","Mumbai","MH","400001","India","Asia","07-02-2016","Employee Saved Successfully"
"carlton.leclair@cox.net","Kce]/Rnti6","31","50397","Accounting","Vashi","MH","401201","India","Asia","07-02-2016","Employee Saved Successfully"
"todd.slater@earthlink.net","EZ5}EHI4","22","54458","Operations","Washington","US","55558","Carver","North America","07-02-2016","Employee Saved Successfully"
"vicente.dawkins@gmail.com","t\XA;6?;[c>!47c","23","169446","Operations","Washington","US","60961","Kankakee","North America","07-02-2016","Employee Saved Successfully"
"rex.ng@yahoo.com","rcT|A/ba:8aZ$q","34","153446","Operations","Washington","US","17833","Snyder","North America","07-02-2016","Employee Saved Successfully"
"arlena.clough@yahoo.com","5vI5~Zd:","59","95109","Accounting","Thane","MH","400701","India","Asia","07-02-2016","Employee Saved Successfully"
"cory.clarke@shell.com","k2QH6T#d!","37","179134","Operations","Washington","US","85207","Maricopa","North America","07-02-2016","Employee Saved Successfully"
"samuel.wendt@bellsouth.net","pOq-woq:}4.ubd0","40","198487","Operations","Washington","US","30371","Fulton","North America","07-02-2016","Employee Saved Successfully"
"virgil.trowbridge@aol.com","3PE>x:gOp<AY5jN","31","199714","Accounting","Thane","MH","400701","India","Asia","07-02-2016","Employee Saved Successfully"
